{
    "what": {
        "mod": 0.2531041069723018,
        "person": 0.05630252100840336,
        "unit": 0.20481927710843373,
        "location": 0.08312342569269521,
        "country": 0.0631163708086785,
        "poss": 0.45588235294117646,
        "have-org-role-91": 0.15104166666666666,
        "or": 0.32857142857142857,
        "time": 0.08870967741935484,
        "book": 0.2857142857142857
    },
    "who": {
        "person": 0.5331932773109244,
        "country": 0.378698224852071,
        "have-org-role-91": 0.4635416666666667,
        "team": 0.5785123966942148,
        "band": 0.8,
        "city": 0.06528189910979229,
        "organization": 0.4,
        "government-organization": 0.3392857142857143,
        "company": 0.391304347826087
    },
    "where": {
        "location": 0.6826196473551638,
        "city": 0.7240356083086054,
        "state": 0.6816326530612244,
        "country": 0.3234714003944773,
        "part": 0.7109004739336493,
        "direction": 0.9365079365079365,
        "unit": 0.3192771084337349,
        "degree": 0.847457627118644,
        "be-located-at-91": 0.8596491228070176,
        "north": 1.0
    },
    "unknown": {
        "name": 0.30618714473108877,
        "person": 0.376890756302521,
        "ARG1": 0.3551617873651772,
        "date-entity": 0.4136657433056325,
        "mod": 0.3237822349570201,
        "ARG0": 0.2959459459459459,
        "op1": 0.2914798206278027,
        "ARG2": 0.28346456692913385,
        "op2": 0.2693877551020408,
        "country": 0.21696252465483234,
        "time": 0.40725806451612906,
        "and": 0.23076923076923078,
        "location": 0.16876574307304787,
        "have-org-role-91": 0.3072916666666667,
        "city": 0.1543026706231454,
        "state": 0.17959183673469387,
        "team": 0.32231404958677684,
        "part": 0.14691943127962084,
        "number": 0.18243243243243243,
        "or": 0.37142857142857144
    },
    "how": {
        "number": 0.6351351351351351,
        "unit": 0.3072289156626506,
        "temporal-quantity": 0.45652173913043476,
        "date-entity": 0.012003693444136657,
        "distance-quantity": 0.35294117647058826,
        "beneficiary": 0.75,
        "duration": 0.5,
        "quant": 0.16326530612244897,
        "more-than": 0.6666666666666666,
        "month": 0.875,
        "year": 0.22580645161290322
    },
    "when": {
        "date-entity": 0.4792243767313019,
        "time": 0.125,
        "date-interval": 0.3333333333333333,
        "season": 0.20833333333333334,
        "calendar": 1.0,
        "by": 0.5384615384615384,
        "ordinal-entity": 0.12280701754385964,
        "ord": 0.125,
        "work-of-art": 0.2727272727272727,
        "part": 0.02843601895734597
    },
    "which": {
        "name": 0.005684302579798863,
        "mod": 0.009551098376313277
    },
    "why": {
        "name": 0.0017490161783996502,
        "ARG1": 0.010015408320493066,
        "mod": 0.0066857688634192934
    }
}