{"what": {"name": 0.07313073895933538, "ARG1": 0.2850539291217257, "mod": 0.2531041069723018, "ARG0": 0.1864864864864865, "person": 0.05630252100840336, "ARG2": 0.2062992125984252, "op1": 0.14499252615844543, "op2": 0.15918367346938775, "and": 0.15976331360946747, "unit": 0.20481927710843373, "location": 0.08312342569269521, "country": 0.0631163708086785, "poss": 0.45588235294117646, "have-org-role-91": 0.15104166666666666, "op3": 0.21621621621621623, "or": 0.32857142857142857, "time": 0.08870967741935484, "book": 0.2857142857142857, "date-entity": 0.018467220683287166, "ARG3": 0.28169014084507044}, "who": {"name": 0.37264975951027546, "person": 0.5331932773109244, "ARG0": 0.3837837837837838, "ARG1": 0.16563944530046226, "mod": 0.20534861509073543, "country": 0.378698224852071, "ARG2": 0.2220472440944882, "op1": 0.16890881913303438, "op2": 0.20816326530612245, "have-org-role-91": 0.4635416666666667, "and": 0.2485207100591716, "team": 0.5785123966942148, "time": 0.2620967741935484, "date-entity": 0.05170821791320406, "band": 0.8, "city": 0.06528189910979229, "organization": 0.4, "government-organization": 0.3392857142857143, "company": 0.391304347826087, "op3": 0.14414414414414414}, "where": {"name": 0.22682553563620464, "location": 0.6826196473551638, "city": 0.7240356083086054, "ARG1": 0.1440677966101695, "mod": 0.1728748806112703, "op1": 0.26606875934230195, "state": 0.6816326530612244, "country": 0.3234714003944773, "part": 0.7109004739336493, "ARG2": 0.2346456692913386, "op2": 0.2673469387755102, "and": 0.2958579881656805, "ARG0": 0.09594594594594595, "direction": 0.9365079365079365, "unit": 0.3192771084337349, "person": 0.021848739495798318, "degree": 0.847457627118644, "be-located-at-91": 0.8596491228070176, "north": 1.0, "op3": 0.36036036036036034}, "unknown": {"name": 0.30618714473108877, "person": 0.376890756302521, "ARG1": 0.3551617873651772, "date-entity": 0.4136657433056325, "mod": 0.3237822349570201, "ARG0": 0.2959459459459459, "op1": 0.2914798206278027, "ARG2": 0.28346456692913385, "op2": 0.2693877551020408, "country": 0.21696252465483234, "time": 0.40725806451612906, "and": 0.23076923076923078, "location": 0.16876574307304787, "have-org-role-91": 0.3072916666666667, "city": 0.1543026706231454, "state": 0.17959183673469387, "team": 0.32231404958677684, "part": 0.14691943127962084, "number": 0.18243243243243243, "or": 0.37142857142857144}, "how": {"number": 0.6351351351351351, "name": 0.005684302579798863, "unit": 0.3072289156626506, "ARG1": 0.032357473035439135, "op1": 0.04185351270553064, "ARG2": 0.03779527559055118, "temporal-quantity": 0.45652173913043476, "mod": 0.019102196752626553, "person": 0.007563025210084034, "ARG0": 0.022972972972972974, "op2": 0.0326530612244898, "date-entity": 0.012003693444136657, "distance-quantity": 0.35294117647058826, "and": 0.03254437869822485, "beneficiary": 0.75, "duration": 0.5, "quant": 0.16326530612244897, "more-than": 0.6666666666666666, "month": 0.875, "year": 0.22580645161290322}, "when": {"date-entity": 0.4792243767313019, "name": 0.008089199825098382, "op1": 0.07922272047832586, "time": 0.125, "op2": 0.053061224489795916, "date-interval": 0.3333333333333333, "mod": 0.009551098376313277, "season": 0.20833333333333334, "calendar": 1.0, "by": 0.5384615384615384, "ordinal-entity": 0.12280701754385964, "and": 0.020710059171597635, "ord": 0.125, "work-of-art": 0.2727272727272727, "part": 0.02843601895734597, "ARG1": 0.004622496147919877}, "which": {"name": 0.005684302579798863, "mod": 0.009551098376313277}, "why": {"name": 0.0017490161783996502, "ARG1": 0.010015408320493066, "mod": 0.0066857688634192934}}